﻿<?xml version="1.0" encoding="utf-8"?>
<Project ToolsVersion="4.0" xmlns="http://schemas.microsoft.com/developer/msbuild/2003">
  <PropertyGroup>
    <CreateNewDatabase>True</CreateNewDatabase>
    <BackupDatabaseBeforeChanges>False</BackupDatabaseBeforeChanges>
    <BlockOnPossibleDataLoss>False</BlockOnPossibleDataLoss>
    <NoAlterStatementsToChangeCLRTypes>False</NoAlterStatementsToChangeCLRTypes>
    <DropObjectsNotInSource>False</DropObjectsNotInSource>
    <DeployDatabaseInSingleUserMode>False</DeployDatabaseInSingleUserMode>
    <DeployScriptFileName>NIGHTLY.sql</DeployScriptFileName>
    <ProfileVersionNumber>1</ProfileVersionNumber>
    <TargetDatabaseName>Tor</TargetDatabaseName>
    <TargetConnectionString>Data Source=uat-sql-001;Integrated Security=True;Pooling=False</TargetConnectionString>
  </PropertyGroup>
  <ItemGroup>
    <SqlCmdVariable Include="DatabaseLogin">
      <Value>SFB\saTORscheduling-uat</Value>
    </SqlCmdVariable>
    <SqlCmdVariable Include="DataLocation">
      <Value>D:\Data</Value>
    </SqlCmdVariable>
  </ItemGroup>
</Project>