﻿<?xml version="1.0" encoding="utf-8"?>
<Project ToolsVersion="4.0" xmlns="http://schemas.microsoft.com/developer/msbuild/2003">
  <PropertyGroup>
    <CreateNewDatabase>False</CreateNewDatabase>
    <BackupDatabaseBeforeChanges>True</BackupDatabaseBeforeChanges>
    <BlockOnPossibleDataLoss>False</BlockOnPossibleDataLoss>
    <NoAlterStatementsToChangeCLRTypes>False</NoAlterStatementsToChangeCLRTypes>
    <DropObjectsNotInSource>True</DropObjectsNotInSource>
    <DeployDatabaseInSingleUserMode>False</DeployDatabaseInSingleUserMode>
    <DeployScriptFileName>Production.sql</DeployScriptFileName>
    <ProfileVersionNumber>1</ProfileVersionNumber>
    <TargetDatabaseName>TOR</TargetDatabaseName>
    <TargetConnectionString>Data Source=coe-sql-vs8\production;Integrated Security=True;Pooling=False</TargetConnectionString>
  </PropertyGroup>
  <ItemGroup>
    <SqlCmdVariable Include="DatabaseLogin">
      <Value>SFB\saTORscheduling</Value>
    </SqlCmdVariable>
    <SqlCmdVariable Include="DataLocation">
      <Value>M:\MSSQL10_50.PRODUCTION\MSSQL\DATA</Value>
    </SqlCmdVariable>
  </ItemGroup>
</Project>